"","from_city","to_city"
"1","Brussels","Amsterdam"
"2","Brussels","Paris"
"3","Paris","Barcelona"
"4","Barcelona","Madrid"
"5","Madrid","Sevilla"
"6","Barcelona","Sevilla"
"7","Lyon","Clermont-Ferrand"
"8","Geneva","Lyon"
"9","Venice","Milan"
"10","Milan","Lyon"
"11","Constanta","Bucharest"
"12","Bristol","Southampton"
"13","Pescara","Bologna"
"14","Pescara","Ancona"
"15","Iasi","Chisinau"
"16","Valencia","Alicante"
"17","Madrid","Valladolid"
"18","Bilbao","Valladolid"
"19","Genoa","Milan"
"20","Innsbruck","Zurich"
"21","Munich","Paris"
"22","Paris","London"
"23","Innsbruck","Amsterdam"
"24","Amsterdam","London"
"25","Valladolid","Madrid"
"26","Valladolid","Bilbao"
"27","Madrid","Salamanca"
"28","Valladolid","Salamanca"
"29","Warsaw","Berlin"
"30","Berlin","Frankfurt"
"31","Frankfurt","Bordeaux"
"32","Rome","Venice"
"33","Vienna","Graz"
"34","Frankfurt","Stuttgart"
"35","Munich","Stuttgart"
"36","Hamburg","Stuttgart"
"37","Rostock","Hamburg"
"38","Rostock","Berlin"
"39","Bremen","Hamburg"
"40","Hamburg","Aarhus"
"41","Aarhus","Aalborg"
"42","Groningen","Amsterdam"
"43","Nantes","Paris"
"44","London","Plymouth"
"45","Cardiff","Bristol"
"46","Bristol","Plymouth"
"47","Exeter","Plymouth"
"48","Inverness","Aberdeen"
"49","Inverness","Edinburgh"
"50","Edinburgh","Plymouth"
"51","Cardiff","Plymouth"
"52","Maastricht","Liege"
"53","Liege","Brussels"
"54","Paris","Clermont-Ferrand"
"55","Liege","Paris"
"56","Saarbruecken","Salzburg"
"57","Salzburg","Vienna"
"58","Saarbruecken","Mannheim"
"59","Mannheim","Munich"
"60","Munich","Vienna"
"61","Mannheim","Frankfurt"
"62","Mannheim","Stuttgart"
"63","Linz","Vienna"
"64","Saarbruecken","Strasbourg"
"65","Nice","Marseille"
"66","Bratislava","Budapest"
"67","Geneva","Marseille"
"68","Bratislava","Zurich"
"69","Zurich","Geneva"
"70","Vienna","Genoa"
"71","Esbjerg","Copenhagen"
"72","Esbjerg","Aarhus"
"73","Ronneby","Copenhagen"
"74","Barcelona","Alicante"
"75","Copenhagen","Hamburg"
"76","Madrid","Alicante"
"77","Malmo","Hamburg"
"78","Barcelona","Valencia"
"79","Brussels","Antwerp"
"80","Stuttgart","Munich"
"81","Munich","Salzburg"
"82","Salzburg","Klagenfurt"
"83","Stuttgart","Salzburg"
"84","Basel","Zurich"
"85","Helsinki","Tampere"
"86","Turku","Tampere"
"87","Cagliari","Olbia"
"88","Manchester","Leeds"
"89","Manchester","London"
"90","Manchester","Liverpool"
"91","Salzburg","Graz"
"92","Budapest","Graz"
"93","Malmo","Copenhagen"
"94","Malmo","Salzburg"
"95","Bologna","Venice"
"96","Venice","Trieste"
"97","Verona","Trieste"
"98","Budapest","Vienna"
"99","Krakow","Warsaw"
"100","Verona","Milan"
"101","Exeter","Bristol"
"102","Tallinn","Tartu"
"103","Bristol","Cardiff"
"104","Exeter","London"
"105","London","Brussels"
"106","Salamanca","Madrid"
"107","Madrid","Zaragoza"
"108","Rimini","Bologna"
"109","Bologna","Florence"
"110","Bologna","Rome"
"111","Vienna","Bucharest"
"112","London","Bournemouth"
"113","Antwerp","Rotterdam"
"114","Antwerp","Amsterdam"
"115","Antwerp","Brussels"
"116","Glasgow","Edinburgh"
"117","Brussels","London"
"118","London","Edinburgh"
"119","Zurich","Bratislava"
"120","Vienna","Ostrava"
"121","Budapest","Ostrava"
"122","Stockholm","Norrkoping"
"123","Copenhagen","Norrkoping"
"124","Katowice","Krakow"
"125","Warsaw","Krakow"
"126","Wroclaw","Krakow"
"127","Vienna","Krakow"
"128","Venice","Florence"
"129","Verona","Florence"
"130","Zaragoza","Barcelona"
"131","Zaragoza","Madrid"
"132","Helsinki","Turku"
"133","Lappeenranta","Helsinki"
"134","Naples","Lamezia Terme"
"135","Florence","Lamezia Terme"
"136","Wroclaw","Warsaw"
"137","Aberdeen","Edinburgh"
"138","Aberdeen","Glasgow"
"139","Strasbourg","Metz"
"140","Paris","Metz"
"141","Salamanca","Valladolid"
"142","Clermont-Ferrand","Lyon"
"143","Turin","Lyon"
"144","Turku","Helsinki"
"145","Stockholm","Berlin"
"146","Aalborg","Copenhagen"
"147","Aalborg","Aarhus"
"148","Aarhus","Hamburg"
"149","Vienna","Bratislava"
"150","Hamburg","Vienna"
"151","Newcastle","Edinburgh"
"152","Edinburgh","Glasgow"
"153","Westerland","Hamburg"
"154","Copenhagen","Stockholm"
"155","Hamburg","Stockholm"
"156","Florence","Bologna"
"157","Florence","Rome"
"158","Florence","Pisa"
"159","Florence","Venice"
"160","Florence","Milan"
"161","London","Birmingham"
"162","Manchester","Birmingham"
"163","Zurich","Basel"
"164","Palermo","Rome"
"165","Rome","Bologna"
"166","Innsbruck","Dortmund"
"167","Bergen","Oslo"
"168","Brno","Bratislava"
"169","Plymouth","Bristol"
"170","Plymouth","Birmingham"
"171","Plymouth","London"
"172","London","Lille"
"173","Bilbao","Barcelona"
"174","Frankfurt","Duesseldorf"
"175","Cologne","Duesseldorf"
"176","Ancona","Rome"
"177","Ancona","Bologna"
"178","Kosice","Poprad"
"179","Bratislava","Poprad"
"180","Ostrava","Poprad"
"181","Bologna","Milan"
"182","Salzburg","Bratislava"
"183","Sofia","Burgas"
"184","Lyon","Geneva"
"185","Lyon","Turin"
"186","Lyon","Milan"
"187","Hamburg","Rostock"
"188","Berlin","Rostock"
"189","Munich","Berlin"
"190","Split","Zagreb"
"191","Zagreb","Munich"
"192","Split","Vienna"
"193","Vienna","Rostock"
"194","Amsterdam","Antwerp"
"195","Hamburg","Copenhagen"
"196","Madrid","Santiago de Compostela"
"197","Budapest","Munich"
"198","Budapest","Zurich"
"199","Frankfurt","Paris"
"200","Paris","Nantes"
"201","Bucharest","Budapest"
"202","Cork","Dublin"
"203","Burgas","Sofia"
"204","Doncaster","Manchester"
"205","Leeds","Manchester"
"206","Liverpool","Manchester"
"207","London","Manchester"
"208","Edinburgh","Newcastle"
"209","Leeds","Newcastle"
"210","London","Newcastle"
"211","Birmingham","Newcastle"
"212","Liverpool","Newcastle"
"213","London","Amsterdam"
"214","Amsterdam","Berlin"
"215","Berlin","Stockholm"
"216","Stockholm","Umea"
"217","London","Rotterdam"
"218","Gothenburg","Umea"
"219","Brno","Vienna"
"220","Brno","Prague"
"221","Brno","Budapest"
"222","Hamburg","Berlin"
"223","Bucharest","Iasi"
"224","Liege","Maastricht"
"225","Brussels","Liege"
"226","Verona","Bologna"
"227","Verona","Venice"
"228","Metz","Luxembourg"
"229","Frankfurt","Cologne"
"230","Salzburg","Ljubljana"
"231","Mannheim","Augsburg"
"232","Augsburg","Ljubljana"
"233","Stuttgart","Friedrichshafen"
"234","Vienna","Klagenfurt"
"235","London","Cardiff"
"236","Palermo","Catania"
"237","Rome","Milan"
"238","Southampton","Bristol"
"239","Bucharest","Constanta"
"240","Warsaw","Budapest"
"241","Budapest","Bucharest"
"242","Amsterdam","Frankfurt"
"243","Frankfurt","Vienna"
"244","Vienna","Zagreb"
"245","Zagreb","Split"
"246","Karlovy Vary","Prague"
"247","Prague","Krakow"
"248","Katowice","Warsaw"
"249","Katowice","Vienna"
"250","Bologna","Ancona"
"251","Venice","Bologna"
"252","Rome","Ancona"
"253","Lugano","Zurich"
"254","Norwich","London"
"255","Norwich","Manchester"
"256","Pisa","Florence"
"257","Chambery-Savoie","Milan"
"258","Milan","Florence"
"259","Valladolid","Zaragoza"
"260","Gdansk","Berlin"
"261","Brussels","Nantes"
"262","Budapest","Bratislava"
"263","Metz","Saarbruecken"
"264","Metz","Strasbourg"
"265","Strasbourg","Basel"
"266","Copenhagen","Gothenburg"
"267","Vienna","Hamburg"
"268","Hamburg","Gothenburg"
"269","Budapest","Hamburg"
"270","Antwerp","Chambery-Savoie"
"271","Chambery-Savoie","Turin"
"272","Milan","Turin"
"273","Faro","Lisbon"
"274","Berlin","Ostrava"
"275","Barcelona","Paris"
"276","Paris","Brussels"
"277","Brussels","Ostend"
"278","Lille","Kortrijk"
"279","Kortrijk","Ostend"
"280","Antwerp","Ostend"
"281","Podgorica","Belgrade"
"282","Rotterdam","London"
"283","Milan","Basel"
"284","Rome","Salzburg"
"285","Salzburg","Malmo"
"286","Cherbourg","Paris"
"287","Paris","Luxembourg"
"288","Bristol","Exeter"
"289","London","Exeter"
"290","Berlin","Dortmund"
"291","Dortmund","Brussels"
"292","Sofia","Istanbul"
"293","Bologna","Verona"
"294","Toulouse","Bordeaux"
"295","Toulouse","Paris"
"296","Paris","Duesseldorf"
"297","Duesseldorf","Hamburg"
"298","Gothenburg","Oslo"
"299","Toulouse","Lyon"
"300","Zweibruecken","Saarbruecken"
"301","Mannheim","Basel"
"302","Copenhagen","Malmo"
"303","Amsterdam","Rotterdam"
"304","Eindhoven","Rotterdam"
"305","Chambery-Savoie","Rotterdam"
"306","Bremen","Hannover"
"307","Budapest","Salzburg"
"308","Budapest","Ljubljana"
"309","Strasbourg","Paris"
"310","Zagreb","Stuttgart"
"311","Stuttgart","Paris"
"312","Tampere","Helsinki"
"313","London","Norwich"
"314","Basel","Strasbourg"
"315","Frankfurt","Mannheim"
"316","Mannheim","Strasbourg"
"317","Luxembourg","Strasbourg"
"318","Hannover","Hamburg"
"319","Hannover","Berlin"
"320","Brussels","Vienna"
"321","Vienna","Split"
"322","Southampton","Bournemouth"
"323","Almeria","Madrid"
"324","Bournemouth","London"
"325","Rotterdam","Groningen"
"326","Amsterdam","Groningen"
"327","Hamburg","Bremen"
"328","Amsterdam","Eindhoven"
"329","Lille","Brussels"
"330","Marseille","Rotterdam"
"331","Rotterdam","Eindhoven"
"332","Nice","Paris"
"333","Paris","Antwerp"
"334","Augsburg","Munich"
"335","Barcelona","Zaragoza"
"336","Augsburg","Paris"
"337","Dortmund","Duesseldorf"
"338","Munich","Duesseldorf"
"339","Katowice","Gdansk"
"340","Warsaw","Gdansk"
"341","Ljubljana","Innsbruck"
"342","Wroclaw","Vienna"
"343","Wroclaw","Budapest"
"344","Kosice","Bratislava"
"345","Vienna","Frankfurt"
"346","Frankfurt","Amsterdam"
"347","Vienna","Amsterdam"
"348","London","Newquay"
"349","Birmingham","Plymouth"
"350","Bristol","Newquay"
"351","Linz","Salzburg"
"352","Linz","Munich"
"353","Linz","Graz"
"354","Bern","Basel"
"355","Basel","Mannheim"
"356","Girona","Barcelona"
"357","Girona","Paris"
"358","Girona","Montpellier"
"359","Zurich","Vienna"
"360","Trieste","Turin"
"361","Stuttgart","Mannheim"
"362","Hamburg","Hannover"
"363","Hamburg","Mannheim"
"364","Frankfurt","Hamburg"
"365","Bremen","Berlin"
"366","Wroclaw","Ostrava"
"367","Dublin","Cork"
"368","Umea","Stockholm"
"369","Umea","Gothenburg"
"370","Ljubljana","Vienna"
"371","London","Doncaster"
"372","Lille","London"
"373","Girona","Madrid"
"374","Bologna","Rimini"
"375","Ancona","Rimini"
"376","Milan","Rimini"
"377","Hamburg","Frankfurt"
"378","Aberdeen","Inverness"
"379","Edinburgh","Inverness"
"380","Glasgow","Inverness"
"381","Newcastle","Inverness"
"382","Leeds","Doncaster"
"383","Leeds","London"
"384","Brussels","Cologne"
"385","Cologne","Hamburg"
"386","Ljubljana","Stuttgart"
"387","Bournemouth","Southampton"
"388","Prague","Bratislava"
"389","Basel","Hamburg"
"390","Verona","Hamburg"
"391","Zurich","Innsbruck"
"392","Bordeaux","Paris"
"393","Paris","Zurich"
"394","Faro","Porto"
"395","Katowice","Bratislava"
"396","Bratislava","Zagreb"
"397","Cardiff","Birmingham"
"398","Cardiff","London"
"399","Montpellier","Toulouse"
"400","Montpellier","Barcelona"
"401","Montpellier","Marseille"
"402","Duesseldorf","Brussels"
"403","Brussels","Kortrijk"
"404","Antwerp","Kortrijk"
"405","Lyon","Lille"
"406","Frankfurt","Brussels"
"407","Cologne","Brussels"
"408","Manchester","Doncaster"
"409","Klagenfurt","Vienna"
"410","Zurich","Stuttgart"
"411","Lugano","Milan"
"412","Milan","Venice"
"413","Paris","Bordeaux"
"414","Montpellier","Bordeaux"
"415","Verona","Genoa"
"416","Vienna","Gdansk"
"417","Munich","Linz"
"418","Cluj-Napoca","Vienna"
"419","Vienna","Linz"
"420","Stuttgart","Strasbourg"
"421","Memmingen","Munich"
"422","Graz","Vienna"
"423","Hannover","Bremen"
"424","Basel","Hannover"
"425","Zurich","Bremen"
"426","Milan","Genoa"
"427","Chisinau","Bucharest"
"428","Bilbao","Madrid"
"429","Newquay","Bristol"
"430","Newquay","London"
"431","Budapest","Debrecen"
"432","Bordeaux","Mannheim"
"433","Hannover","Munich"
"434","Hannover","Augsburg"
"435","Augsburg","Venice"
"436","Hannover","Verona"
"437","Mannheim","Saarbruecken"
"438","Saarbruecken","Metz"
"439","Hamburg","Malmo"
"440","Salzburg","Munich"
"441","Rome","Naples"
"442","Salzburg","Innsbruck"
"443","Salzburg","Rome"
"444","Stuttgart","Frankfurt"
"445","Stuttgart","Nuremberg"
"446","Milan","Lamezia Terme"
"447","Genoa","Lamezia Terme"
"448","Barcelona","Reus"
"449","Doncaster","Leeds"
"450","Doncaster","London"
"451","London","Paris"
"452","Bologna","Turin"
"453","Berlin","Dresden"
"454","Edinburgh","Aberdeen"
"455","London","Aberdeen"
"456","Karlstad","Gothenburg"
"457","Karlstad","Stockholm"
"458","Strasbourg","Stuttgart"
"459","Rome","Catania"
"460","Liverpool","Birmingham"
"461","Belfast","Dublin"
"462","Doncaster","Exeter"
"463","Bristol","Swansea"
"464","London","Swansea"
"465","Birmingham","Bristol"
"466","Prague","Linz"
"467","Linz","Innsbruck"
"468","Prague","Munich"
"469","Munich","Milan"
"470","Granada","Malaga"
"471","Granada","Madrid"
"472","Madrid","Malaga"
"473","Salzburg","Linz"
"474","Iasi","Cluj-Napoca"
"475","Lamezia Terme","Naples"
"476","Lamezia Terme","Rome"
"477","Reus","Barcelona"
"478","Saarbruecken","Paris"
"479","Mannheim","Bordeaux"
"480","Rome","Lamezia Terme"
"481","Naples","Rome"
"482","Naples","Venice"
"483","Venice","Vienna"
"484","Vienna","Budapest"
"485","Rome","Vienna"
"486","Hamburg","Duesseldorf"
"487","Duesseldorf","Paris"
"488","Gothenburg","Hamburg"
"489","Strasbourg","Nantes"
"490","Munich","Nuremberg"
"491","Norrkoping","Stockholm"
"492","Pardubice","Prague"
"493","Pardubice","Vienna"
"494","Lisbon","Faro"
"495","Prague","Frankfurt"
"496","Bern","Hamburg"
"497","Bern","Zurich"
"498","Zurich","Hamburg"
"499","Aarhus","Copenhagen"
"500","Nuremberg","Frankfurt"
"501","Nuremberg","Munich"
"502","Munich","Hannover"
"503","Prague","Pardubice"
"504","Vienna","Pardubice"
"505","Budapest","Pardubice"
"506","Warsaw","Pardubice"
"507","Norrkoping","Berlin"
"508","Norrkoping","Malmo"
"509","Paris","Cherbourg"
"510","Frankfurt","Milan"
"511","Berlin","Hannover"
"512","Cologne","Hannover"
"513","Milan","Frankfurt"
"514","Frankfurt","Hannover"
"515","Rome","Verona"
"516","Verona","Hannover"
"517","Graz","Ljubljana"
"518","Bristol","London"
"519","Bristol","Birmingham"
"520","Stockholm","Malmo"
"521","Venice","Stuttgart"
"522","Hannover","Rostock"
"523","Frankfurt","Dortmund"
"524","Duesseldorf","Dortmund"
"525","Cologne","Dortmund"
"526","Paderborn","Dortmund"
"527","Rotterdam","Amsterdam"
"528","Rotterdam","Antwerp"
"529","Ljubljana","Rijeka"
"530","Birmingham","London"
"531","Turin","Milan"
"532","Turin","Chambery-Savoie"
"533","Chambery-Savoie","Geneva"
"534","Leeds","Liverpool"
"535","London","Liverpool"
"536","Marseille","Nice"
"537","Prague","Ostrava"
"538","Amsterdam","Vienna"
"539","Varna","Sofia"
"540","Klagenfurt","Salzburg"
"541","Paderborn","Duesseldorf"
"542","Liepaja","Riga"
"543","Geneva","Chambery-Savoie"
"544","Hamburg","Basel"
"545","Basel","Milan"
"546","Vienna","Venice"
"547","Venice","Turin"
"548","Hamburg","Zurich"
"549","Zurich","Lugano"
"550","Helsinki","Lappeenranta"
"551","Budapest","Warsaw"
"552","Budapest","Brno"
"553","Budapest","Katowice"
"554","Zagreb","Budapest"
"555","Budapest","Cluj-Napoca"
"556","Valencia","Murcia"
"557","Madrid","Murcia"
"558","Athens","Thessaloniki"
"559","Bucharest","Vienna"
"560","Dresden","Berlin"
"561","Manchester","Swansea"
"562","Sofia","Varna"
"563","Zurich","Budapest"
"564","Milan","Vienna"
"565","Vienna","Debrecen"
"566","Munich","Mannheim"
"567","Graz","Brno"
"568","Vienna","Brno"
"569","Glasgow","Aberdeen"
"570","Alicante","Madrid"
"571","Plymouth","Aberdeen"
"572","Newcastle","Aberdeen"
"573","Stockholm","Hamburg"
"574","Hamburg","Cologne"
"575","Turin","Trieste"
"576","Madrid","Girona"
"577","Alicante","Murcia"
"578","Frankfurt","Munich"
"579","Oviedo","Madrid"
"580","Prague","Mannheim"
"581","Mannheim","Paris"
"582","Innsbruck","Salzburg"
"583","Lamezia Terme","Venice"
"584","Almeria","Granada"
"585","Riga","Liepaja"
"586","Paris","Mannheim"
"587","Mannheim","Berlin"
"588","Frankfurt","Lugano"
"589","Hamburg","Verona"
"590","Vienna","Ljubljana"
"591","Barcelona","Malaga"
"592","Liege","Cologne"
"593","Liege","Frankfurt"
"594","Cologne","Berlin"
"595","Poznan","Berlin"
"596","Poznan","Warsaw"
"597","Ostrava","Bratislava"
"598","Alicante","Valencia"
"599","Alicante","Barcelona"
"600","Milan","Bologna"
"601","Bologna","Pescara"
"602","Liverpool","Leeds"
"603","Liverpool","London"
"604","Duesseldorf","Paderborn"
"605","Granada","Barcelona"
"606","Zurich","Genoa"
"607","London","Inverness"
"608","Ostend","Brussels"
"609","Ostend","Antwerp"
"610","Graz","Ostrava"
"611","Zagreb","Vienna"
"612","Zagreb","Bratislava"
"613","Bratislava","Ostrava"
"614","Glasgow","London"
"615","Vaxjo","Copenhagen"
"616","Malmo","Munich"
"617","Marseille","Montpellier"
"618","Kosice","Budapest"
"619","Budapest","Zagreb"
"620","Oslo","Bergen"
"621","Copenhagen","Aalborg"
"622","Bremen","Frankfurt"
"623","Rome","Florence"
"624","Ljubljana","Budapest"
"625","Nuremberg","Stuttgart"
"626","Madrid","Valencia"
"627","Bremen","Duesseldorf"
"628","Bremen","Cologne"
"629","Bremen","Mannheim"
"630","Basel","Lugano"
"631","Ancona","Venice"
"632","Prague","Dresden"
"633","Paris","Frankfurt"
"634","Stockholm","Gothenburg"
"635","Stockholm","Copenhagen"
"636","Newcastle","Leeds"
"637","Newcastle","London"
"638","Eindhoven","Amsterdam"
"639","Berlin","Basel"
"640","Basel","Bern"
"641","Venice","Verona"
"642","Milan","Verona"
"643","Brussels","Lille"
"644","Amsterdam","Brussels"
"645","Graz","Stuttgart"
"646","London","Southampton"
"647","Constanta","Timisoara"
"648","Zaragoza","Sevilla"
"649","Milan","Chambery-Savoie"
"650","Marseille","Lyon"
"651","Lyon","Chambery-Savoie"
"652","Geneva","Paris"
"653","Chambery-Savoie","Bordeaux"
"654","Olbia","Cagliari"
"655","Ostrava","Wroclaw"
"656","Copenhagen","Esbjerg"
"657","Aarhus","Esbjerg"
"658","Berlin","Hamburg"
"659","Paris","Saarbruecken"
"660","Saarbruecken","Zweibruecken"
"661","Strasbourg","Saarbruecken"
"662","Hannover","Frankfurt"
"663","Exeter","Birmingham"
"664","Birmingham","Manchester"
"665","Munich","Memmingen"
"666","Zurich","Memmingen"
"667","Rijeka","Ljubljana"
"668","Ljubljana","Graz"
"669","Basel","Frankfurt"
"670","Vienna","Prague"
"671","Linz","Prague"
"672","Cologne","Dresden"
"673","Kortrijk","Lille"
"674","Kortrijk","Antwerp"
"675","Florence","Naples"
"676","Malaga","Granada"
"677","Barcelona","Granada"
"678","Zaragoza","Granada"
"679","Milan","Zurich"
"680","Pescara","Venice"
"681","Milan","Paris"
"682","Turin","Paris"
"683","Chambery-Savoie","Lyon"
"684","Lyon","Strasbourg"
"685","Geneva","Bern"
"686","Munich","Frankfurt"
"687","Madrid","Oviedo"
"688","Memmingen","Duesseldorf"
"689","Memmingen","Augsburg"
"690","Augsburg","Duesseldorf"
"691","Madrid","Almeria"
"692","Lyon","Marseille"
"693","Pescara","Milan"
"694","Linz","Nuremberg"
"695","Linz","Venice"
"696","Gothenburg","Stockholm"
"697","Bologna","Munich"
"698","Munich","Paderborn"
"699","Luxembourg","Paris"
"700","Vienna","Salzburg"
"701","Salzburg","Stuttgart"
"702","Paris","Toulouse"
"703","Nuremberg","Vienna"
"704","Vienna","Warsaw"
"705","Wroclaw","Katowice"
"706","Friedrichshafen","Stuttgart"
"707","Murcia","Valencia"
"708","Murcia","Madrid"
"709","Frankfurt","Dresden"
"710","Birmingham","Liverpool"
"711","Strasbourg","Luxembourg"
"712","Oslo","Stavanger"
"713","Madrid","Barcelona"
"714","Plovdiv","Istanbul"
"715","Graz","Zurich"
"716","Paris","Stuttgart"
"717","Stuttgart","Augsburg"
"718","Porto","Lisbon"
"719","Strasbourg","Montpellier"
"720","Swansea","Cardiff"
"721","Swansea","London"
"722","Swansea","Bristol"
"723","Budapest","Linz"
"724","Inverness","London"
"725","Bucharest","Cluj-Napoca"
"726","Brussels","Dortmund"
"727","Dortmund","Hamburg"
"728","Venice","Naples"
"729","Vienna","Florence"
"730","Ostrava","Vienna"
"731","Ostrava","Brno"
"732","Ostrava","Prague"
"733","Ostrava","Budapest"
"734","Venice","Ancona"
"735","Valencia","Barcelona"
"736","Valencia","Madrid"
"737","Southampton","London"
"738","Zurich","Munich"
"739","Paris","Munich"
"740","Zurich","Prague"
"741","Warsaw","Ostrava"
"742","Brno","Ostrava"
"743","Berlin","Cologne"
"744","Duesseldorf","Cologne"
"745","Debrecen","Budapest"
"746","Dortmund","Cologne"
"747","Dortmund","Frankfurt"
"748","Dortmund","Paris"
"749","Paris","Nice"
"750","Strasbourg","Nice"
"751","Graz","Budapest"
"752","Duesseldorf","Mannheim"
"753","Paris","Lyon"
"754","Lille","Lyon"
"755","Sevilla","Granada"
"756","Florence","Rimini"
"757","Amsterdam","Zurich"
"758","Zurich","Venice"
"759","London","Leeds"
"760","Paris","Lille"
"761","Rome","Turin"
"762","Oslo","Stockholm"
"763","Brussels","Frankfurt"
"764","Tartu","Tallinn"
"765","Frankfurt","Lyon"
"766","Bern","Geneva"
"767","Warsaw","Vienna"
"768","Duesseldorf","Bremen"
"769","Frankfurt","Bremen"
"770","Marseille","Toulouse"
"771","Krakow","Katowice"
"772","Krakow","Wroclaw"
"773","Krakow","Vienna"
"774","Berlin","Zurich"
"775","Clermont-Ferrand","Paris"
"776","Strasbourg","Lille"
"777","Verona","Rome"
"778","Barcelona","Montpellier"
"779","Montpellier","Lille"
"780","Geneva","Zurich"
"781","Zaragoza","Valencia"
"782","Salzburg","Zurich"
"783","Manchester","Bournemouth"
"784","Birmingham","Bournemouth"
"785","Copenhagen","Vaxjo"
"786","Bordeaux","Frankfurt"
"787","Brussels","Duesseldorf"
"788","Brussels","Linz"
"789","Augsburg","Stuttgart"
"790","Augsburg","Nuremberg"
"791","Gothenburg","Copenhagen"
"792","Brno","Pardubice"
"793","Bratislava","Pardubice"
"794","Copenhagen","Aarhus"
"795","Cologne","Mannheim"
"796","Poznan","Krakow"
"797","Ostrava","Kosice"
"798","Santiago de Compostela","Madrid"
"799","Santiago de Compostela","Barcelona"
"800","Turin","Lamezia Terme"
"801","Zurich","Linz"
"802","Venice","Linz"
"803","Linz","Frankfurt"
"804","Brno","Graz"
"805","London","Bristol"
"806","Budapest","Timisoara"
"807","Basel","Paris"
"808","Poprad","Ostrava"
"809","Ostrava","Berlin"
"810","Liverpool","Doncaster"
"811","Valencia","Girona"
"812","Madrid","Granada"
"813","Vienna","Munich"
"814","Augsburg","Frankfurt"
"815","Milan","Bern"
"816","Frankfurt","Nuremberg"
"817","Berlin","Nuremberg"
"818","Cologne","Liege"
"819","Duesseldorf","Liege"
"820","Frankfurt","Liege"
"821","Bordeaux","Toulouse"
"822","Warsaw","Katowice"
"823","Berlin","Wroclaw"
"824","Dortmund","Paderborn"
"825","Innsbruck","Zagreb"
"826","Antwerp","Paris"
"827","Paris","Basel"
"828","Paris","Turin"
"829","Chambery-Savoie","Paris"
"830","Chambery-Savoie","Lille"
"831","Vienna","Cluj-Napoca"
"832","Venice","Rome"
"833","Bratislava","Vienna"
"834","Birmingham","Cardiff"
"835","Turin","Florence"
"836","Munich","Florence"
"837","Hannover","Cologne"
"838","Venice","Geneva"
"839","Belgrade","Podgorica"
"840","Barcelona","Girona"
"841","Paris","Girona"
"842","Florence","Verona"
"843","Pisa","Genoa"
"844","Warsaw","Poznan"
"845","Paris","Dortmund"
"846","Prague","Karlovy Vary"
"847","Graz","Zagreb"
"848","Berlin","Graz"
"849","Montpellier","Lyon"
"850","Lyon","Mannheim"
"851","Basel","Berlin"
"852","Munich","Rome"
"853","Catania","Milan"
"854","Prague","Brno"
"855","Granada","Almeria"
"856","Vienna","Hannover"
"857","Nuremberg","Augsburg"
"858","Lyon","Montpellier"
"859","Trieste","Venice"
"860","Birmingham","Leeds"
"861","Newcastle","Manchester"
"862","Vienna","Berlin"
"863","Plymouth","Cardiff"
"864","Bratislava","Kosice"
"865","Timisoara","Budapest"
"866","Vienna","Brussels"
"867","Gothenburg","Karlstad"
"868","Stockholm","Karlstad"
"869","Vienna","Zurich"
"870","Leeds","Birmingham"
"871","Brussels","Luxembourg"
"872","Hamburg","Norrkoping"
"873","Lille","Paris"
"874","Milan","Rome"
"875","Turin","Genoa"
"876","Kortrijk","Brussels"
"877","Genoa","Zurich"
"878","Zurich","Amsterdam"
"879","Catania","Rome"
"880","Genoa","Salzburg"
"881","Genoa","Munich"
"882","Milan","Mannheim"
"883","Ancona","Milan"
"884","Toulouse","Montpellier"
"885","Katowice","Budapest"
"886","Hamburg","Dortmund"
"887","Oslo","Gothenburg"
"888","Ancona","Pescara"
"889","Duesseldorf","Basel"
"890","Duesseldorf","Zurich"
"891","Duesseldorf","Frankfurt"
"892","Tampere","Turku"
"893","Lille","Strasbourg"
"894","Bern","Duesseldorf"
"895","Duesseldorf","Berlin"
"896","Berlin","Norrkoping"
"897","Mannheim","Duesseldorf"
"898","Rostock","Hannover"
"899","Innsbruck","Vienna"
"900","Vienna","Wroclaw"
"901","Bratislava","Brno"
"902","Genoa","Vienna"
"903","Maastricht","Eindhoven"
"904","Brussels","Chambery-Savoie"
"905","Duesseldorf","Hannover"
"906","Zagreb","Salzburg"
"907","Milan","Naples"
"908","Klagenfurt","Venice"
"909","Cologne","Frankfurt"
"910","Cologne","Munich"
"911","Lamezia Terme","Turin"
"912","Bournemouth","Birmingham"
"913","Nuremberg","Dortmund"
"914","Catania","Naples"
"915","Katowice","Wroclaw"
"916","Warsaw","Wroclaw"
"917","Bratislava","Warsaw"
"918","Milan","Geneva"
"919","Hannover","Nuremberg"
"920","Zagreb","Frankfurt"
"921","Bristol","Leeds"
"922","Cardiff","Manchester"
"923","Eindhoven","Maastricht"
"924","Poprad","Bratislava"
"925","Ljubljana","Zagreb"
"926","Palermo","Naples"
"927","Lamezia Terme","Milan"
"928","Granada","Sevilla"
"929","Plymouth","Exeter"
"930","Norrkoping","Copenhagen"
"931","Rome","Munich"
"932","Naples","Catania"
"933","Salamanca","Zaragoza"
"934","Zurich","Milan"
"935","Milan","Ancona"
"936","Turin","Ancona"
"937","Turin","Bologna"
"938","Vienna","Innsbruck"
"939","Vienna","Paris"
"940","Rotterdam","Brussels"
"941","Clermont-Ferrand","Toulouse"
"942","Malaga","Zaragoza"
"943","Malaga","Barcelona"
"944","Sevilla","Zaragoza"
"945","Sevilla","Barcelona"
"946","Turin","Venice"
"947","Genoa","Turin"
"948","Salzburg","Budapest"
"949","Paris","Milan"
"950","Strasbourg","Mannheim"
"951","Stuttgart","Zagreb"
"952","Lugano","Basel"
"953","Zurich","Paris"
"954","London","Glasgow"
"955","Sevilla","Madrid"
"956","Plymouth","Glasgow"
"957","Dublin","Belfast"
"958","Inverness","Glasgow"
"959","Zurich","Bern"
"960","Vienna","Nuremberg"
"961","Nuremberg","Berlin"
"962","Brussels","Lyon"
"963","Rostock","Dresden"
"964","Prague","Vienna"
"965","Montpellier","Girona"
"966","Milan","Pisa"
"967","Thessaloniki","Athens"
"968","Stavanger","Oslo"
"969","Zurich","Graz"
"970","Brussels","Rotterdam"
"971","Paris","Rotterdam"
"972","Murcia","Barcelona"
"973","Berlin","Copenhagen"
"974","Birmingham","Exeter"
"975","Glasgow","Exeter"
"976","Munich","Bologna"
"977","Bologna","Catania"
"978","Valladolid","Oviedo"
"979","Constanta","Cluj-Napoca"
"980","Naples","Palermo"
"981","Augsburg","Vienna"
"982","Genoa","Catania"
"983","Prague","Berlin"
"984","Berlin","Amsterdam"
"985","Chisinau","Iasi"
"986","Cologne","Basel"
"987","Genoa","Pisa"
"988","Malaga","Madrid"
"989","Katowice","Berlin"
"990","Doncaster","Newcastle"
"991","Copenhagen","Ronneby"
"992","Munich","Malmo"
"993","Cardiff","Swansea"
"994","Paris","Vienna"
"995","Wroclaw","Berlin"
"996","Dresden","Basel"
"997","Montpellier","Strasbourg"
"998","Gdansk","Warsaw"
"999","Cardiff","Southampton"
"1000","Naples","Turin"
"1001","Barcelona","Salamanca"
"1002","Groningen","Rotterdam"
"1003","Naples","Milan"
"1004","Manchester","Norwich"
"1005","Trieste","Milan"
"1006","Ljubljana","Zurich"
"1007","Bratislava","Hamburg"
"1008","Krakow","Berlin"
"1009","Duesseldorf","Verona"
"1010","Metz","Paris"
"1011","Toulouse","Clermont-Ferrand"
"1012","Munich","Augsburg"
"1013","Frankfurt","Augsburg"
"1014","Milan","Trieste"
"1015","Vienna","Stuttgart"
"1016","Malmo","Berlin"
"1017","Vienna","Katowice"
"1018","Rome","Palermo"
"1019","Brussels","Nuremberg"
"1020","Innsbruck","Nuremberg"
"1021","Bucharest","Chisinau"
"1022","Venice","Rimini"
"1023","Dresden","Zurich"
"1024","Munich","Venice"
"1025","Amsterdam","Chambery-Savoie"
"1026","Manchester","Edinburgh"
"1027","Lyon","Brussels"
"1028","Girona","Zaragoza"
"1029","Poznan","Katowice"
"1030","Prague","Budapest"
"1031","Graz","Salzburg"
"1032","Graz","Linz"
"1033","Linz","Brussels"
"1034","Bilbao","Zaragoza"
"1035","Marseille","Paris"
"1036","Marseille","Antwerp"
"1037","Turin","Rome"
"1038","Cluj-Napoca","Constanta"
"1039","Cluj-Napoca","Bucharest"
"1040","Inverness","Newcastle"
"1041","Venice","Lamezia Terme"
"1042","Leeds","Edinburgh"
"1043","Augsburg","Mannheim"
"1044","Duesseldorf","Munich"
"1045","Nuremberg","Cologne"
"1046","Montpellier","Luxembourg"
"1047","Reus","Zaragoza"
"1048","Trieste","Naples"
"1049","Dortmund","Berlin"
"1050","Ankara","Istanbul"
"1051","Paris","Marseille"
"1052","Frankfurt","Marseille"
"1053","Swansea","Manchester"
"1054","Strasbourg","Brussels"
"1055","Kosice","Vienna"
"1056","Rimini","Ancona"
"1057","Paris","Strasbourg"
"1058","Berlin","Duesseldorf"
"1059","Rotterdam","Paris"
"1060","Genoa","Venice"
"1061","Duesseldorf","Vienna"
"1062","Cologne","Rostock"
"1063","Brussels","Montpellier"
"1064","Ostend","Kortrijk"
"1065","Munich","Saarbruecken"
"1066","Linz","Zurich"
"1067","Malmo","Stockholm"
"1068","Ljubljana","Munich"
"1069","Munich","Hamburg"
"1070","Chambery-Savoie","Brussels"
"1071","Basel","Cologne"
"1072","Zurich","Berlin"
"1073","Warsaw","Bratislava"
"1074","Ljubljana","Trieste"
"1075","Lyon","Frankfurt"
"1076","Bern","Hannover"
"1077","Murcia","Alicante"
"1078","Frankfurt","Innsbruck"
"1079","Hamburg","Westerland"
"1080","Edinburgh","Doncaster"
"1081","Milan","Lugano"
"1082","Budapest","Prague"
"1083","Debrecen","Vienna"
"1084","Linz","Hamburg"
"1085","Linz","Berlin"
"1086","Bordeaux","Marseille"
"1087","Krakow","Graz"
"1088","Gothenburg","Malmo"
"1089","Marseille","Frankfurt"
"1090","Frankfurt","Saarbruecken"
"1091","Cologne","Paris"
"1092","Luxembourg","Marseille"
"1093","Exeter","Newquay"
"1094","Budapest","Kosice"
"1095","Berlin","Mannheim"
"1096","Edinburgh","London"
"1097","Aberdeen","London"
"1098","Hannover","Duesseldorf"
"1099","Malmo","Innsbruck"
"1100","Graz","Augsburg"
"1101","Salzburg","Augsburg"
"1102","Linz","Augsburg"
"1103","Prague","Zurich"
"1104","Pescara","Turin"
"1105","Zagreb","Rijeka"
"1106","Cluj-Napoca","Budapest"
"1107","Mannheim","Dortmund"
"1108","Basel","Dortmund"
"1109","Ljubljana","Salzburg"
"1110","Chambery-Savoie","Amsterdam"
"1111","Milan","Catania"
"1112","Frankfurt","Westerland"
"1113","Genoa","Verona"
"1114","Graz","Frankfurt"
"1115","Venice","Munich"
"1116","Timisoara","Bucharest"
"1117","Lyon","Toulouse"
"1118","Rostock","Bremen"
"1119","Montpellier","Metz"
"1120","Madrid","Bilbao"
"1121","Stuttgart","Budapest"
"1122","Strasbourg","Bordeaux"
"1123","Brussels","Marseille"
"1124","Venice","Klagenfurt"
"1125","Milan","Klagenfurt"
"1126","Liege","Vienna"
"1127","Manchester","Newcastle"
"1128","Strasbourg","Linz"
"1129","Dortmund","Bremen"
"1130","Berlin","Bratislava"
"1131","Granada","Zaragoza"
"1132","Mannheim","Prague"
"1133","Vienna","Rome"
"1134","Geneva","Milan"
"1135","Amsterdam","Duesseldorf"
"1136","Catania","Palermo"
"1137","Cologne","Verona"
"1138","Innsbruck","Munich"
"1139","Oviedo","Alicante"
"1140","Oslo","Karlstad"
"1141","Ostrava","Warsaw"
"1142","Budapest","Stuttgart"
"1143","Stuttgart","Saarbruecken"
"1144","Frankfurt","Berlin"
"1145","Bern","Berlin"
"1146","Trieste","Rimini"
"1147","Rimini","Milan"
"1148","Turin","Naples"
"1149","Porto","Faro"
"1150","Norrkoping","Hamburg"
"1151","Pardubice","Budapest"
"1152","Marseille","Geneva"
"1153","Bologna","Zurich"
"1154","Berlin","Budapest"
"1155","Valladolid","Valencia"
"1156","Bremen","Dresden"
"1157","Bremen","Nuremberg"
"1158","Rostock","Frankfurt"
"1159","Salzburg","Mannheim"
"1160","Trieste","Ancona"
"1161","Nuremberg","Brussels"
"1162","Graz","Munich"
"1163","Rotterdam","Chambery-Savoie"
"1164","Prague","Warsaw"
"1165","Glasgow","Manchester"
"1166","Poprad","Prague"
"1167","Hamburg","Innsbruck"
"1168","Berlin","Munich"
"1169","Augsburg","Dortmund"
"1170","Aberdeen","Bristol"
"1171","Linz","Bratislava"
"1172","Bratislava","Katowice"
"1173","Dresden","Stuttgart"
"1174","Verona","Duesseldorf"
"1175","Dortmund","Augsburg"
"1176","Dortmund","Munich"
"1177","Mannheim","Hannover"
"1178","Luxembourg","Montpellier"
"1179","Munich","Dortmund"
"1180","Montpellier","Paris"
"1181","Zurich","Salzburg"
"1182","Prague","Basel"
"1183","Bordeaux","Strasbourg"
"1184","Zagreb","Zurich"
"1185","Innsbruck","Bratislava"
"1186","Bristol","Manchester"
"1187","Graz","Split"
"1188","Zaragoza","Malaga"
"1189","Frankfurt","Salzburg"
"1190","Innsbruck","Ljubljana"
"1191","Rostock","Duesseldorf"
"1192","Trieste","Rome"
"1193","Aberdeen","Plymouth"
"1194","Montpellier","Brussels"
"1195","Pescara","Rome"
"1196","Leeds","Bristol"
"1197","Basel","Duesseldorf"
"1198","Strasbourg","Munich"
"1199","Geneva","Verona"
"1200","Duesseldorf","Rostock"
"1201","Cologne","Bremen"
"1202","Pardubice","Bratislava"
"1203","Newcastle","Bristol"
"1204","Pisa","Milan"
"1205","Basel","Amsterdam"
"1206","Berlin","Vienna"
"1207","Stockholm","Oslo"
"1208","Marseille","Lille"
"1209","Trieste","Ljubljana"
"1210","Venice","Genoa"
"1211","Iasi","Bucharest"
"1212","Ljubljana","Frankfurt"
"1213","Verona","Zurich"
"1214","Mannheim","Hamburg"
"1215","Valencia","Zaragoza"
"1216","Bratislava","Berlin"
"1217","Venice","Zurich"
"1218","Cluj-Napoca","Timisoara"
"1219","Munich","Strasbourg"
"1220","Nantes","Marseille"
"1221","Paris","Geneva"
"1222","Paris","Amsterdam"
"1223","Prague","Graz"
"1224","Girona","Valencia"
"1225","Hannover","Amsterdam"
"1226","Strasbourg","Augsburg"
"1227","Zurich","Augsburg"
"1228","Trieste","Florence"
"1229","Innsbruck","Duesseldorf"
"1230","Berlin","Innsbruck"
"1231","Saarbruecken","Frankfurt"
"1232","Hannover","Basel"
"1233","Bologna","Lamezia Terme"
"1234","Edinburgh","Birmingham"
"1235","Edinburgh","Manchester"
"1236","Toulouse","Marseille"
"1237","Turin","Verona"
"1238","Klagenfurt","Cologne"
"1239","Paderborn","Nuremberg"
"1240","Dortmund","Mannheim"
"1241","Augsburg","Basel"
"1242","Graz","Berlin"
"1243","Stuttgart","Hamburg"
"1244","Bern","Milan"
"1245","Paris","Chambery-Savoie"
"1246","Salzburg","Verona"
"1247","Southampton","Cardiff"
"1248","Augsburg","Memmingen"
"1249","Brussels","Strasbourg"
"1250","Hannover","Dortmund"
"1251","Bucharest","Timisoara"
"1252","Zagreb","Augsburg"
"1253","Oviedo","Valladolid"
"1254","Gdansk","Krakow"
"1255","Gdansk","Ostrava"
"1256","Pardubice","Ostrava"
"1257","Lugano","Genoa"
"1258","Cologne","Zurich"
"1259","Karlstad","Oslo"
"1260","Hamburg","Dresden"
"1261","Zurich","Dresden"
"1262","Verona","Cologne"
"1263","Stuttgart","Berlin"
"1264","Duesseldorf","Nuremberg"
"1265","Iasi","Timisoara"
"1266","Warsaw","Prague"
"1267","Munich","Cologne"
"1268","Dortmund","Basel"
"1269","Berlin","Stuttgart"
"1270","Strasbourg","Lyon"
"1271","Poznan","Gdansk"
"1272","Zaragoza","Reus"
"1273","Murcia","Zaragoza"
"1274","Doncaster","Liverpool"
"1275","Zaragoza","Bilbao"
"1276","Budapest","Berlin"
"1277","Frankfurt","Rostock"
"1278","Brno","Berlin"
"1279","Brno","Dresden"
"1280","Dresden","Hannover"
"1281","Genoa","Rome"
"1282","Stuttgart","Venice"
"1283","Graz","Krakow"
"1284","Bologna","Lugano"
"1285","Rome","Pescara"
"1286","Innsbruck","Graz"
"1287","Lille","Rotterdam"
"1288","Barcelona","Valladolid"
"1289","Newcastle","Doncaster"
"1290","Bratislava","Prague"
"1291","Dortmund","Innsbruck"
"1292","Dresden","Cologne"
"1293","Klagenfurt","Rome"
"1294","Paris","Montpellier"
"1295","Ostrava","Pardubice"
"1296","Nuremberg","Duesseldorf"
"1297","Jonkoping","Gothenburg"
"1298","Barcelona","Bilbao"
"1299","Rome","Pisa"
"1300","Gdansk","Poznan"
"1301","Saarbruecken","Stuttgart"
"1302","Dortmund","Hannover"
"1303","Bristol","Aberdeen"
"1304","Salzburg","Bologna"
"1305","Frankfurt","Prague"
"1306","Dresden","Saarbruecken"
"1307","Turin","Pisa"
"1308","Glasgow","Plymouth"
"1309","Amsterdam","Paris"
"1310","Florence","Vienna"
"1311","Gdansk","Vienna"
"1312","Vienna","Verona"
"1313","Chambery-Savoie","Nantes"
"1314","Vaxjo","Gothenburg"
"1315","Venice","Lugano"
"1316","Split","Graz"
"1317","Augsburg","Salzburg"
"1318","Milan","Pescara"
"1319","Florence","Turin"
"1320","Chambery-Savoie","Antwerp"
"1321","Luxembourg","Lyon"
"1322","Munich","Genoa"
"1323","Valladolid","Barcelona"
"1324","Venice","Pescara"
"1325","Manchester","Cardiff"
"1326","Glasgow","Bristol"
"1327","Innsbruck","Linz"
"1328","Milan","Salzburg"
"1329","Linz","Dortmund"
"1330","Prague","Katowice"
"1331","Zagreb","Ljubljana"
"1332","Bournemouth","Manchester"
"1333","Paris","Liege"
"1334","Constanta","Iasi"
"1335","Nuremberg","Hannover"
"1336","Florence","Salzburg"
"1337","Southampton","Manchester"
"1338","Basel","Dresden"
"1339","Vienna","Dortmund"
"1340","Berlin","Malmo"
"1341","Girona","Alicante"
"1342","Bologna","Salzburg"
"1343","Salzburg","Genoa"
"1344","Lille","Montpellier"
"1345","Strasbourg","Marseille"
"1346","Newcastle","Birmingham"
"1347","Augsburg","Berlin"
"1348","Ancona","Trieste"
"1349","Stuttgart","Cologne"
"1350","Innsbruck","Hamburg"
"1351","Barcelona","Santiago de Compostela"
"1352","Wroclaw","Gdansk"
"1353","Birmingham","Edinburgh"
"1354","Manchester","Southampton"
"1355","Lille","Marseille"
"1356","Paris","Salzburg"
"1357","Malmo","Norrkoping"
"1358","Nuremberg","Paderborn"
"1359","Augsburg","Amsterdam"
"1360","Amsterdam","Munich"
"1361","Salzburg","Saarbruecken"
"1362","Newcastle","Liverpool"
"1363","Plymouth","Newcastle"
"1364","Hamburg","Nuremberg"
"1365","Split","Bratislava"
"1366","Copenhagen","Berlin"
"1367","Zurich","Bologna"
"1368","Amsterdam","Hannover"
"1369","Duesseldorf","Augsburg"
"1370","Zurich","Hannover"
"1371","Catania","Bologna"
"1372","Zaragoza","Murcia"
"1373","Stuttgart","Basel"
"1374","Bologna","Vienna"
"1375","Burgas","Plovdiv"
"1376","Verona","Munich"
"1377","Rome","Trieste"
"1378","Westerland","Bremen"
"1379","Frankfurt","Strasbourg"
"1380","Zurich","Zagreb"
"1381","Basel","Prague"
"1382","Rome","Genoa"
"1383","Cluj-Napoca","Iasi"
"1384","Manchester","Bristol"
"1385","Prague","Hamburg"
"1386","Ancona","Turin"
"1387","Bristol","Glasgow"
"1388","Bremen","Dortmund"
"1389","Dortmund","Dresden"
"1390","Rotterdam","Marseille"
"1391","Berlin","Augsburg"
"1392","Vienna","Cologne"
"1393","Pardubice","Berlin"
"1394","Zaragoza","Girona"
"1395","Hamburg","Saarbruecken"
"1396","Vienna","Bologna"
"1397","Brno","Hamburg"
"1398","Amsterdam","Cologne"
"1399","Naples","Verona"
"1400","Nuremberg","Hamburg"
"1401","Lugano","Venice"
"1402","Graz","Prague"
"1403","Munich","Budapest"
"1404","Nuremberg","Rostock"
"1405","Vienna","Duesseldorf"
"1406","Amsterdam","Linz"
"1407","Stuttgart","Dresden"
"1408","Prague","Poprad"
"1409","Catania","Genoa"
"1410","Lisbon","Porto"
"1411","Mannheim","Marseille"
"1412","Glasgow","Birmingham"
"1413","Pardubice","Brno"
"1414","Lille","Chambery-Savoie"
"1415","Exeter","Cardiff"
"1416","Cardiff","Exeter"
"1417","Florence","Trieste"
"1418","Birmingham","Southampton"
"1419","Nantes","Brussels"
"1420","Augsburg","Hannover"
"1421","Bordeaux","Lille"
"1422","Saarbruecken","Berlin"
"1423","Bratislava","Wroclaw"
"1424","Venice","Augsburg"
"1425","Frankfurt","Basel"
"1426","Nuremberg","Liege"
"1427","Manchester","Glasgow"
"1428","Mannheim","Amsterdam"
"1429","Mannheim","Lyon"
"1430","Munich","Ljubljana"
"1431","Lamezia Terme","Catania"
"1432","Tampere","Lappeenranta"
"1433","Lyon","Nantes"
"1434","Zurich","Verona"
"1435","Paris","Augsburg"
"1436","Salzburg","Florence"
"1437","Dresden","Dortmund"
"1438","Bologna","Naples"
"1439","Krakow","Prague"
"1440","Dresden","Frankfurt"
"1441","Istanbul","Ankara"
"1442","Gdansk","Katowice"
"1443","Pardubice","Graz"
"1444","Antwerp","Marseille"
"1445","Lyon","Nice"
"1446","Mannheim","Salzburg"
"1447","Katowice","Poznan"
"1448","Ostrava","Poznan"
"1449","Dresden","Rostock"
"1450","Bratislava","Salzburg"
"1451","Duesseldorf","Stuttgart"
"1452","Saarbruecken","Dresden"
"1453","Rijeka","Zagreb"
"1454","Metz","Montpellier"
"1455","Verona","Vienna"
"1456","Bremen","Zurich"
"1457","Bremen","Munich"
"1458","Bremen","Basel"
"1459","Geneva","Venice"
"1460","Krakow","Poznan"
"1461","Lyon","Paris"
"1462","Milan","Munich"
"1463","Innsbruck","Prague"
"1464","Nantes","Strasbourg"
"1465","Bordeaux","Nantes"
"1466","Hamburg","Munich"
"1467","Westerland","Hannover"
"1468","Ostrava","Gdansk"
"1469","Salzburg","Zagreb"
"1470","Graz","Klagenfurt"
"1471","Augsburg","Budapest"
"1472","Strasbourg","Vienna"
"1473","Cologne","Stuttgart"
"1474","Munich","Basel"
"1475","Friedrichshafen","Mannheim"
"1476","Hannover","Dresden"
"1477","Lyon","Luxembourg"
"1478","Ankara","Izmir"
"1479","Augsburg","Hamburg"
"1480","Ljubljana","Augsburg"
"1481","Pisa","Rome"
"1482","Pisa","Naples"
"1483","Edinburgh","Leeds"
"1484","Poprad","Pardubice"
"1485","Pardubice","Dresden"
"1486","Lamezia Terme","Genoa"
"1487","Salzburg","Venice"
"1488","Salzburg","Paris"
"1489","Marseille","Bordeaux"
"1490","Prague","Kosice"
"1491","Bern","Dortmund"
"1492","Cologne","Nuremberg"
"1493","Timisoara","Iasi"
"1494","Lamezia Terme","Bologna"
"1495","Prague","Innsbruck"
"1496","Linz","Hannover"
"1497","Timisoara","Cluj-Napoca"
"1498","Paris","Cologne"
"1499","Lamezia Terme","Palermo"
"1500","Duesseldorf","Westerland"
"1501","Linz","Liege"
"1502","Lyon","Metz"
"1503","Krakow","Ostrava"
"1504","Hannover","Vienna"
"1505","Malaga","Sevilla"
"1506","Marseille","Amsterdam"
"1507","Lille","Amsterdam"
"1508","Graz","Mannheim"
"1509","Paderborn","Munich"
"1510","Nice","Lyon"
"1511","Stuttgart","Hannover"
"1512","Budapest","Wroclaw"
"1513","Klagenfurt","Munich"
"1514","Marseille","Metz"
"1515","Basel","Munich"
"1516","Rimini","Trieste"
"1517","Mannheim","Cologne"
"1518","Turin","Pescara"
"1519","Birmingham","Glasgow"
"1520","Kosice","Pardubice"
"1521","Strasbourg","Frankfurt"
"1522","Naples","Genoa"
"1523","Liege","Dortmund"
"1524","Munich","Zagreb"
"1525","Berlin","Saarbruecken"
"1526","Vienna","Strasbourg"
"1527","Basel","Augsburg"
"1528","Sevilla","Malaga"
"1529","Innsbruck","Augsburg"
"1530","Augsburg","Innsbruck"
"1531","Newcastle","Glasgow"
"1532","Kosice","Ostrava"
"1533","Izmir","Ankara"
"1534","Genoa","Klagenfurt"
"1535","Lamezia Terme","Florence"
"1536","Lamezia Terme","Pisa"
"1537","Venice","Salzburg"
"1538","Innsbruck","Malmo"
"1539","Berlin","Bremen"
"1540","Doncaster","Edinburgh"
"1541","Vienna","Poprad"
"1542","Timisoara","Constanta"
"1543","Hannover","Westerland"
"1544","Turin","Rimini"
"1545","Hamburg","Augsburg"
"1546","Verona","Naples"
"1547","Bordeaux","Montpellier"
"1548","Stuttgart","Vienna"
"1549","Innsbruck","Budapest"
"1550","Amsterdam","Basel"
"1551","Rimini","Rome"
"1552","Rostock","Cologne"
"1553","Rostock","Dortmund"
"1554","Dortmund","Liege"
"1555","Hannover","Zurich"
"1556","Florence","Munich"
"1557","Innsbruck","Bremen"
"1558","Bratislava","Split"
"1559","Zaragoza","Alicante"
"1560","Klagenfurt","Dortmund"
"1561","Antwerp","Liege"
"1562","Exeter","Glasgow"
"1563","Graz","Wroclaw"
"1564","Marseille","Strasbourg"
"1565","Zurich","Mannheim"
"1566","Zurich","Duesseldorf"
"1567","Lille","Bordeaux"
"1568","Nice","Strasbourg"
"1569","Graz","Katowice"
"1570","Amsterdam","Innsbruck"
"1571","Naples","Florence"
"1572","Graz","Warsaw"
"1573","Cologne","Westerland"
"1574","Valencia","Sevilla"
"1575","Graz","Pardubice"
"1576","Pardubice","Warsaw"
"1577","Naples","Bologna"
"1578","Marseille","Nantes"
"1579","Zagreb","Innsbruck"
"1580","Amsterdam","Marseille"
"1581","Friedrichshafen","Cologne"
"1582","Iasi","Constanta"
"1583","Linz","Paris"
"1584","Augsburg","Zagreb"
"1585","Salzburg","Milan"
"1586","Vienna","Milan"
"1587","Valladolid","Alicante"
"1588","Florence","Klagenfurt"
"1589","Vienna","Liege"
"1590","Innsbruck","Friedrichshafen"
"1591","Catania","Pisa"
"1592","Verona","Lugano"
"1593","Amsterdam","Maastricht"
"1594","Salzburg","Hamburg"
"1595","Hannover","Linz"
"1596","Gdansk","Wroclaw"
"1597","Wroclaw","Bratislava"
"1598","Munich","Amsterdam"
"1599","Cologne","Paderborn"
"1600","Mannheim","Zurich"
"1601","Rimini","Pescara"
"1602","Basel","Bremen"
"1603","Zagreb","Graz"
"1604","Plymouth","Manchester"
"1605","Kosice","Prague"
"1606","Barcelona","Murcia"
"1607","Katowice","Graz"
"1608","Valencia","Valladolid"
"1609","Sevilla","Valencia"
"1610","Amsterdam","Mannheim"
"1611","Cologne","Augsburg"
"1612","Glasgow","Leeds"
"1613","Ostrava","Krakow"
"1614","Marseille","Brussels"
"1615","Budapest","Innsbruck"
"1616","Munich","Bremen"
"1617","Klagenfurt","Duesseldorf"
"1618","Verona","Salzburg"
"1619","Linz","Budapest"
"1620","Gothenburg","Jonkoping"
"1621","Zurich","Cologne"
"1622","Dresden","Hamburg"
"1623","Bratislava","Dresden"
"1624","Innsbruck","Cologne"
"1625","Strasbourg","Salzburg"
"1626","Palermo","Lamezia Terme"
"1627","Rimini","Venice"
"1628","Salzburg","Frankfurt"
"1629","Pardubice","Hamburg"
"1630","Bremen","Westerland"
"1631","Marseille","Mannheim"
"1632","Katowice","Prague"
"1633","Liege","Duesseldorf"
"1634","Rostock","Nuremberg"
"1635","Innsbruck","Berlin"
"1636","Stuttgart","Westerland"
"1637","Dortmund","Nuremberg"
"1638","Munich","Verona"
"1639","Bristol","Doncaster"
"1640","Burgas","Varna"
"1641","Nuremberg","Linz"
"1642","Westerland","Frankfurt"
"1643","Katowice","Ostrava"
"1644","Ostrava","Graz"
"1645","Oviedo","Valencia"
"1646","Krakow","Gdansk"
"1647","Mannheim","Bremen"
"1648","Innsbruck","Frankfurt"
"1649","Stuttgart","Dortmund"
"1650","Stuttgart","Ljubljana"
"1651","Paris","Linz"
"1652","Cologne","Vienna"
"1653","Klagenfurt","Augsburg"
"1654","Metz","Lyon"
"1655","Naples","Trieste"
"1656","Alicante","Zaragoza"
"1657","Wroclaw","Graz"
"1658","Newcastle","Plymouth"
"1659","Vienna","Kosice"
"1660","Verona","Klagenfurt"
"1661","Augsburg","Bremen"
"1662","Gothenburg","Vaxjo"
"1663","Varna","Plovdiv"
"1664","Salamanca","Barcelona"
"1665","Budapest","Dresden"
"1666","Graz","Saarbruecken"
"1667","Hamburg","Linz"
"1668","Linz","Rostock"
"1669","Klagenfurt","Linz"
"1670","Salzburg","Duesseldorf"
"1671","Bologna","Klagenfurt"
"1672","Klagenfurt","Florence"
"1673","Southampton","Birmingham"
"1674","Liverpool","Norwich"
"1675","Zurich","Ljubljana"
"1676","Genoa","Florence"
"1677","Augsburg","Linz"
"1678","Ostrava","Katowice"
"1679","Basel","Stuttgart"
"1680","Ostend","Liege"
"1681","Nuremberg","Innsbruck"
"1682","Pisa","Catania"
"1683","Krakow","Pardubice"
"1684","Trieste","Verona"
"1685","Exeter","Leeds"
"1686","Pisa","Turin"
"1687","Naples","Pisa"
"1688","Florence","Genoa"
"1689","Dortmund","Westerland"
"1690","Plymouth","Leeds"
"1691","Liege","Antwerp"
"1692","Pardubice","Katowice"
"1693","Birmingham","Aberdeen"
"1694","Doncaster","Aberdeen"
"1695","Liege","Ostend"
"1696","Vienna","Augsburg"
"1697","Maastricht","Amsterdam"
"1698","Amsterdam","Augsburg"
"1699","Linz","Klagenfurt"
"1700","Linz","Cologne"
"1701","Leeds","Plymouth"
"1702","Bristol","Edinburgh"
"1703","Newquay","Exeter"
"1704","Norwich","Liverpool"
"1705","Nantes","Bordeaux"
"1706","Amsterdam","Nuremberg"
"1707","Reus","Madrid"
"1708","Dortmund","Stuttgart"
"1709","Plymouth","Edinburgh"
"1710","Salzburg","Strasbourg"
"1711","Dresden","Mannheim"
"1712","Westerland","Cologne"
"1713","Klagenfurt","Milan"
"1714","Mannheim","Dresden"
"1715","Plovdiv","Varna"
"1716","Zaragoza","Valladolid"
"1717","Westerland","Duesseldorf"
"1718","Doncaster","Bristol"
"1719","Memmingen","Cologne"
"1720","Innsbruck","Mannheim"
"1721","Klagenfurt","Genoa"
"1722","Valencia","Reus"
"1723","Stuttgart","Bremen"
"1724","Linz","Strasbourg"
"1725","Augsburg","Strasbourg"
"1726","Nantes","Montpellier"
"1727","Dresden","Prague"
"1728","Hannover","Stuttgart"
"1729","Glasgow","Doncaster"
"1730","Stuttgart","Duesseldorf"
"1731","Hannover","Mannheim"
"1732","Saarbruecken","Munich"
"1733","Linz","Stuttgart"
"1734","Augsburg","Cologne"
"1735","Zaragoza","Salamanca"
"1736","Hamburg","Salzburg"
"1737","Rome","Rimini"
"1738","Catania","Florence"
"1739","Stuttgart","Linz"
"1740","Bern","Cologne"
"1741","Graz","Innsbruck"
"1742","Exeter","Aberdeen"
"1743","Cologne","Innsbruck"
"1744","Aberdeen","Leeds"
"1745","Duesseldorf","Amsterdam"
"1746","Trieste","Bologna"
"1747","Klagenfurt","Bologna"
"1748","Pescara","Rimini"
"1749","Metz","Marseille"
"1750","Marseille","Luxembourg"
"1751","Zurich","Dortmund"
"1752","Reus","Valencia"
"1753","Bristol","Newcastle"
"1754","Poznan","Ostrava"
"1755","Nuremberg","Amsterdam"
"1756","Leeds","Aberdeen"
"1757","Aberdeen","Birmingham"
"1758","Exeter","Newcastle"
"1759","Varna","Burgas"
"1760","Pardubice","Karlovy Vary"
"1761","Genoa","Lugano"
"1762","Klagenfurt","Stuttgart"
"1763","Edinburgh","Exeter"
"1764","Rome","Klagenfurt"
"1765","Bologna","Trieste"
"1766","Zurich","Frankfurt"
"1767","Frankfurt","Zurich"
"1768","Dortmund","Friedrichshafen"
"1769","Genoa","Naples"
"1770","Alicante","Oviedo"
"1771","Valencia","Oviedo"
"1772","Liege","Linz"
"1773","Edinburgh","Bristol"
"1774","Ostrava","Karlovy Vary"
"1775","Frankfurt","Linz"
"1776","Friedrichshafen","Duesseldorf"
"1777","Madrid","Reus"
"1778","Bremen","Augsburg"
"1779","Catania","Lamezia Terme"
"1780","Pisa","Lamezia Terme"
"1781","Bern","Mannheim"
"1782","Innsbruck","Stuttgart"
"1783","Bern","Frankfurt"
"1784","Bern","Bremen"
"1785","Nantes","Lyon"
"1786","Duesseldorf","Linz"
"1787","Leeds","Glasgow"
"1788","Aberdeen","Newcastle"
"1789","Budapest","Augsburg"
"1790","Cologne","Amsterdam"
"1791","Birmingham","Doncaster"
"1792","Inverness","Doncaster"
"1793","Poprad","Vienna"
"1794","Aberdeen","Doncaster"
"1795","Bratislava","Innsbruck"
"1796","Pardubice","Krakow"
"1797","Augsburg","Saarbruecken"
"1798","Bremen","Innsbruck"
"1799","Verona","Turin"
"1800","Lille","Nantes"
"1801","Rimini","Turin"
"1802","Exeter","Doncaster"
"1803","Doncaster","Glasgow"
"1804","Zaragoza","Santiago de Compostela"
"1805","Aberdeen","Exeter"
"1806","Bremen","Stuttgart"
"1807","Paderborn","Cologne"
"1808","Leeds","Exeter"
"1809","Duesseldorf","Innsbruck"
"1810","Santiago de Compostela","Zaragoza"
"1811","Florence","Catania"
"1812","Westerland","Berlin"
"1813","Berlin","Westerland"
"1814","Katowice","Pardubice"
"1815","Lugano","Bologna"
"1816","Linz","Duesseldorf"
"1817","Linz","Amsterdam"
"1818","Mannheim","Friedrichshafen"
"1819","Munich","Innsbruck"
"1820","Klagenfurt","Verona"
"1821","Doncaster","Plymouth"
"1822","Cologne","Friedrichshafen"
"1823","Klagenfurt","Mannheim"
"1824","Nuremberg","Bremen"
"1825","Memmingen","Mannheim"
"1826","Duesseldorf","Salzburg"
"1827","Exeter","Manchester"
"1828","Lugano","Verona"
"1829","Nantes","Chambery-Savoie"
"1830","Bremen","Rostock"
"1831","Cologne","Salzburg"
"1832","Plovdiv","Burgas"
"1833","Frankfurt","Paderborn"
"1834","Memmingen","Dortmund"
"1835","Innsbruck","Hannover"
"1836","Pardubice","Poprad"
"1837","Salzburg","Cologne"
"1838","Friedrichshafen","Dortmund"
"1839","Plymouth","Newquay"
"1840","Friedrichshafen","Frankfurt"
"1841","Newquay","Plymouth"
"1842","Memmingen","Stuttgart"
"1843","Cologne","Linz"
"1844","Pardubice","Kosice"
"1845","Nantes","Lille"
"1846","Exeter","Edinburgh"
"1847","Alicante","Valladolid"
"1848","Newcastle","Exeter"
"1849","Glasgow","Newcastle"
"1850","Saarbruecken","Augsburg"
"1851","Salzburg","Dortmund"
"1852","Hannover","Innsbruck"
"1853","Montpellier","Nantes"
"1854","Verona","Geneva"
"1855","Doncaster","Inverness"
"1856","Bratislava","Linz"
"1857","Plymouth","Doncaster"
"1858","Manchester","Exeter"
"1859","Doncaster","Birmingham"
"1860","Poprad","Kosice"
"1861","Wroclaw","Poznan"
"1862","Malmo","Ronneby"
"1863","Luxembourg","Metz"
"1864","Prague","Split"
"1865","Malmo","Gothenburg"
"1866","Malmo","Vaxjo"
"1867","Basel","Rostock"
"1868","Split","Brno"
"1869","Poznan","Wroclaw"
"1870","Ronneby","Malmo"
"1871","Luxembourg","Cologne"
"1872","Vaxjo","Malmo"
"1873","Luxembourg","Duesseldorf"
"1874","Bordeaux","Chambery-Savoie"
"1875","Split","Prague"
"1876","Budapest","Split"
"1877","Brno","Split"
"1878","Exeter","Southampton"
"1879","Westerland","Munich"
"1880","Split","Budapest"
"1881","Mannheim","Rostock"
"1882","Southampton","Exeter"
"1883","Rostock","Mannheim"
"1884","Liverpool","Glasgow"
"1885","Kortrijk","Liege"
"1886","Edinburgh","Liverpool"
"1887","Westerland","Augsburg"
"1888","Dortmund","Rostock"
"1889","Liege","Kortrijk"
"1890","Glasgow","Liverpool"
